[{
  "name":"null",
  "children":[
    {
      "name":"besure",
      "children":[]
    },
    {
      "name":"about",
      "children":[
        {
          "name":"bot",
          "children":[]
        }
      ]
    },
    {
      "name":"accommodation",
      "children":[]
    },
    {
      "name":"agenda",
      "children":[]
    },
    {
      "name":"arrival",
      "children":[]
    },
    {
      "name":"capacity",
      "children":[]
    },
    {
      "name":"documents",
      "children":[]
    },
    {
      "name":"duration",
      "children":[]
    },
    {
      "name":"end",
      "children":[]
    },
    {
      "name":"contact",
      "children":[]
    },
    {
      "name":"language",
      "children":[]
    },
    {
      "name":"parking",
      "children":[
        {
          "name":"joke",
          "children":[]
        },
        {
          "name":"price",
          "children":[]
        }
      ]
    },
    {
      "name":"payment",
      "children":[
        {
          "name":"type",
          "children":[]
        }
      ]
    },
    {
      "name":"place",
      "children":[
        {
          "name":"transportation",
          "children":[
            {
              "name":"joke",
              "children":[]
            }
          ]
        }
      ]
    },
    {
      "name":"refreshment",
      "children":[
        {
          "name":"food",
          "children":[]
        },
        {
          "name":"drink",
          "children":[]
        },
        {
          "name":"price",
          "children":[]
        }
      ]
    },
    {
      "name":"registration",
      "children":[]
    },
    {
      "name":"requirements",
      "children":[]
    },
    {
      "name":"reservation",
      "children":[]
    },
    {
      "name":"smoking",
      "children":[]
    },
    {
      "name":"speakers",
      "children":[]
    },
    {
      "name":"start",
      "children":[
        {
          "name":"date",
          "children":[]
        },
        {
          "name":"time",
          "children":[]
        }
      ]
    },
    {
      "name":"toilet",
      "children":[]
    },
    {
      "name":"wifi",
      "children":[]
    },
    {
      "name":"how",
      "children":[]
    },
    {
      "name":"howmany",
      "children":[]
    },
    {
      "name":"when",
      "children":[]
    },
    {
      "name":"where",
      "children":[]
    },
    {
      "name":"who",
      "children":[]
    },
    {
      "name":"why",
      "children":[]
    },
    {
      "name":"negative",
      "children":[]
    },
    {
      "name":"other",
      "children":[]
    },
    {
      "name":"apology",
      "children":[]
    },
    {
      "name":"greetings",
      "children":[]
    },
    {
      "name":"help",
      "children":[]
    },
    {
      "name":"info",
      "children":[]
    },
    {
      "name":"joke",
      "children":[]
    },
    {
      "name":"vulgar",
      "children":[
        {
          "name":"positive",
          "children":[]
        }
      ]
    },
    {
      "name":"positive",
      "children":[]
    },
    {
      "name":"price",
      "children":[]
    },
    {
      "name":"thanks",
      "children":[]
    },
    {
      "name":"weather",
      "children":[]
    }
  ]
}]