{
  "schema": {
    "thoughts": {
      "type": "array",
      "items": {
        "type": "string",
        "title": "Thought",
        "default": "wtf"
      }
    }
  },
  "form": [
    {
      "type": "tabarray",
      "key": "thoughts",
      "items": [
        {
          "type": "section",
          "legend": "{{idx}}. {{value}}",
          "items": [
            {
              "key": "thoughts[]",
              "valueInLegend": true
            }
          ]
        }
      ]
    }
  ]
}