[
    {
        "topic": "EventAgent",
        "intent": "TextResponse",
        "state": "TextResponse",
        "channel": null,
        "locale": null,
        "domain": "trask.cz",
        "payloadType": "text",
        "payload": "{Response}",
        "validFrom": null,
        "validTo": null,
        "id": "response-definition:ae6afb21-ab35-4b03-89ab-2520d06def85"
    },
    {
        "topic": "EventAgent",
        "intent": "TextResponse",
        "state": "TextResponse",
        "channel": null,
        "locale": null,
        "domain": null,
        "payloadType": "suggested-actions",
        "payload": "{\"actions\":[{\"title\":\"👍\",\"type\":\"postBack\",\"value\":{\"action\":\"Feedback\",\"feedback\":\"👍\"}},{\"title\":\"👎\",\"type\":\"postBack\",\"value\":{\"action\":\"Feedback\",\"feedback\":\"👎\"}}]}",
        "validFrom": null,
        "validTo": null,
        "id": "response-definition:9d4ef8a6-a040-402b-85c0-33cb8d3e09a5"
    },
    {
        "topic": "EventAgent",
        "intent": "UnrecognizedIntent",
        "state": "IntentNotRecognized",
        "channel": null,
        "locale": null,
        "domain": "trask.cz",
        "payloadType": "text",
        "payload": "Hele, uplně ti nerozumim 🤷🏻‍, ale dám vědět klukům a ti mě to třeba doučí 😉",
        "validFrom": null,
        "validTo": null,
        "id": "response-definition:61d2d4fa-2cfe-45b3-b063-5a2967129ff4"
    },
    {
        "topic": "EventAgent",
        "intent": "Welcome",
        "state": "UnhandledError",
        "channel": null,
        "locale": null,
        "domain": null,
        "payloadType": "text",
        "payload": "Dneska nemám úplně formu 🙄. Pojďme to prosím zkusit znovu ♻️.",
        "validFrom": null,
        "validTo": null,
        "id": "response-definition:30f813a3-9f11-4b55-9017-e0472cb85f7d"
    },
    {
        "topic": "EventAgent",
        "intent": "Welcome",
        "state": "WelcomeUser",
        "channel": null,
        "locale": null,
        "domain": null,
        "payloadType": "text",
        "payload": "Ahoj, jsem Eventbot. Běžím v pre alpha verzi s novým NLP. Pomůžeš mi ho otestovat tím, že se budeš ptát a v odpovědi dostaneš co jsem rozpoznal. Nezapomeň odpověď ohodnotit.",
        "validFrom": null,
        "validTo": null,
        "id": "response-definition:61467de9-3b05-4bf5-af23-bd23d66890ee"
    },
    {
        "topic": "EventAgent",
        "intent": "Feedback",
        "state": "Default",
        "channel": null,
        "locale": null,
        "domain": null,
        "payloadType": "text",
        "payload": "Díky, můžeš zkoušet dál",
        "validFrom": null,
        "validTo": null,
        "id": "response-definition:8ed24fbb-db34-418e-b423-e2c80ca6a016"
    },
    {
        "topic": "EventAgent",
        "intent": "event.registration",
        "state": "PromptToFillRegistration",
        "channel": null,
        "locale": null,
        "domain": null,
        "payloadType": "adaptive-card",
        "payload": "{\"$schema\":\"http://adaptivecards.io/schemas/adaptive-card.json\",\"type\":\"AdaptiveCard\",\"body\":[{\"type\":\"Container\",\"items\":[{\"type\":\"TextBlock\",\"size\":\"medium\",\"weight\":\"bolder\",\"text\":\"{Subject}\"},{\"type\":\"TextBlock\",\"text\":\"{Title}\"},{\"type\":\"TextBlock\",\"text\":\"Don't worry, we'll never share or sell your information.\",\"isSubtle\":true,\"wrap\":true,\"size\":\"small\"}]}],\"actions\":[{FormField.Actions}],\"version\":\"1.0\"}",
        "validFrom": null,
        "validTo": null,
        "id": "response-definition:ef3ee822-a531-4c4a-9c7b-ae620c87adac"
    },
    {
        "topic": "EventAgent",
        "intent": "event.registration",
        "state": "PromptToFillRegistration",
        "channel": null,
        "locale": null,
        "domain": null,
        "payloadType": "adaptive-card-container",
        "payload": "{\"type\":\"Container\",\"items\":[{\"type\":\"TextBlock\",\"text\":\"{FormField.Label}\",\"color\":\"{FormField.Color}\",\"wrap\":true},{FormField.Input}]}",
        "validFrom": null,
        "validTo": null,
        "id": "response-definition:d3963790-a823-4573-b0f3-a8a8bfc166ed"
    },
    {
        "topic": "EventAgent",
        "intent": "event.faq",
        "state": null,
        "channel": null,
        "locale": null,
        "domain": null,
        "payloadType": "adaptive-card",
        "payload": "{\"$schema\":\"http://adaptivecards.io/schemas/adaptive-card.json\",\"type\":\"AdaptiveCard\",\"body\":[{\"type\":\"Container\",\"items\":[{\"type\":\"TextBlock\",\"size\":\"medium\",\"weight\":\"bolder\",\"text\":\"{Subject}\"},{\"type\":\"TextBlock\",\"text\":\"{Title}\"}]}],\"version\":\"1.0\"}",
        "validFrom": null,
        "validTo": null,
        "id": "response-definition:9fc76aee-4ae6-420c-8ddc-f8722493cb2a"
    },
    {
        "topic": "EventAgent",
        "intent": "event.faq",
        "state": null,
        "channel": null,
        "locale": null,
        "domain": null,
        "payloadType": "adaptive-card-container",
        "payload": "{\"type\":\"Container\",\"items\":[{\"type\":\"TextBlock\",\"size\":\"medium\",\"weight\":\"bolder\",\"text\":\"{Faq.Question}\"},{\"type\":\"TextBlock\",\"size\":\"medium\",\"weight\":\"bolder\",\"text\":\"{Faq.Answer}\"}]}",
        "validFrom": null,
        "validTo": null,
        "id": "response-definition:9fc76aee-4ae6-420c-8ddc-f8722493cb2a"
    },
    {
        "topic": "EventAgent",
        "intent": "event.invitation",
        "state": "PromptToShowRegistration",
        "channel": null,
        "locale": null,
        "domain": null,
        "payloadType": "adaptive-card",
        "payload": "{\"$schema\":\"http://adaptivecards.io/schemas/adaptive-card.json\",\"type\":\"AdaptiveCard\",\"backgroundImage\":\"{ImageUrl}\",\"body\":[{\"type\":\"Container\",\"items\":[{\"type\":\"TextBlock\",\"size\":\"medium\",\"weight\":\"bolder\",\"text\":\"{Group}\"},{\"type\":\"TextBlock\",\"weight\":\"bolder\",\"wrap\":true,\"isSubtle\":true,\"text\":\"{Subject}\"},{\"type\":\"TextBlock\",\"text\":\"{Description}\",\"isSubtle\":true,\"wrap\":true,\"size\":\"small\"}]}],\"actions\":[{\"type\":\"Action.Submit\",\"title\":\"Registrovat\",\"data\":{\"type\":\"Registration.Show\",\"eventDefinitionId\":\"{EventId}\"}}],\"version\":\"1.0\"}",
        "validFrom": null,
        "validTo": null,
        "id": "response-definition:1aad6be4-7168-47c3-9d41-f491dab832e8"
    },
    {
        "topic": "EventAgent",
        "intent": "event.invitation",
        "state": "PromptToShowRegistration",
        "channel": null,
        "locale": null,
        "domain": null,
        "payloadType": "adaptive-card-container",
        "payload": "{\"type\":\"Container\",\"items\":[{\"type\":\"TextBlock\",\"weight\":\"bolder\",\"wrap\":true,\"text\":\"Tato pozvánka vyžaduje potvrzení Vaší registrace\"}]}",
        "validFrom": null,
        "validTo": null,
        "id": "response-definition:fa2393ba-8129-484b-817b-6f5cb9edd040"
    }
]